﻿Timecode In,Timecode Out,Title,Notes
00:00,00:30,Intro,شعار MetaFuel Ultra + عنوان الفيديو. قل: اليوم سنبني وننشر تطبيق MetaFuel Ultra خطوة بخطوة
00:30,01:30,Overview,شاشة نصية بالخطة. صوتك يشرح الهدف.
01:30,03:00,Unzip Projects,Terminal: أوامر unzip. Overlay نص 'Unzipping project files'
03:00,08:00,Deploy Backend,Terminal: gcloud builds submit + run deploy. Lower third Cloud Run Deployment
08:00,13:00,Stripe Setup,Stripe Dashboard: Webhook creation. Overlay Configure Stripe
13:00,18:00,Firebase Setup,Firebase Console + flutterfire configure. نص Enable Auth + Firestore
18:00,22:00,Run Flutter App,Emulator: Sign up + Subscribe. Overlay Live demo
22:00,26:00,Check Firestore/Webhook,عرض Firestore Console. Overlay Subscription recorded
26:00,30:00,BigQuery Export,Console BigQuery + استعلام revenue_uk_monthly.sql. Overlay Revenue + VAT analysis
30:00,34:00,Admin API Demo,Postman/curl لـ /admin/metrics. Overlay Admin API in action
34:00,38:00,CI/CD Setup,GitHub Actions tab. Overlay Automated Deployments
38:00,40:00,Outro,خاتمة: شعار + كلمة شكر وCTA
