<?xml version='1.0' encoding='utf-8'?>
<xmeml version="4"><sequence><name>MetaFuel Tutorial Timeline</name><marker><comment>Intro - شعار MetaFuel Ultra + عنوان الفيديو</comment><name>Intro</name><in>0</in><out>900</out></marker><marker><comment>Overview - الخطة: Backend → Stripe → Firebase → Flutter → BigQuery → CI/CD</comment><name>Overview</name><in>900</in><out>2700</out></marker><marker><comment>Unzip Projects - Terminal unzip commands</comment><name>Unzip Projects</name><in>2700</in><out>5400</out></marker><marker><comment>Deploy Backend - gcloud builds submit + run deploy</comment><name>Deploy Backend</name><in>5400</in><out>14400</out></marker><marker><comment>Stripe Setup - Stripe Dashboard: Webhook creation</comment><name>Stripe Setup</name><in>14400</in><out>23400</out></marker><marker><comment>Firebase Setup - Firebase Console + flutterfire configure</comment><name>Firebase Setup</name><in>23400</in><out>32400</out></marker><marker><comment>Run Flutter App - Emulator: Sign up + Subscribe</comment><name>Run Flutter App</name><in>32400</in><out>39600</out></marker><marker><comment>Check Firestore/Webhook - عرض Firestore Console</comment><name>Check Firestore/Webhook</name><in>39600</in><out>46800</out></marker><marker><comment>BigQuery Export - BigQuery Console + SQL query</comment><name>BigQuery Export</name><in>46800</in><out>54000</out></marker><marker><comment>Admin API Demo - Postman curl /admin/metrics</comment><name>Admin API Demo</name><in>54000</in><out>61200</out></marker><marker><comment>CI/CD Setup - GitHub Actions tab</comment><name>CI/CD Setup</name><in>61200</in><out>68400</out></marker><marker><comment>Outro - Outro + CTA</comment><name>Outro</name><in>68400</in><out>72000</out></marker></sequence></xmeml>